<?xml version="1.0" encoding="utf-8"?>
<!--/998416/229146/2.49/6/4/Integrated Circuit/-->
<quadcept_library>
  <setting unit="mil" />
  <textstyle name="Default" height="47.244094488189" strokewidth="7.8740157480315" charwidth="47.244094488189" />
  <textstyle name="Dimension" height="19.6850393700787" strokewidth="0" charwidth="19.6850393700787" />
  <textstyle name="H127W0635TH00762" height="50" strokewidth="3" charwidth="25" />
  <textstyle name="H15W15TH02" height="59.0551181102362" strokewidth="7.8740157480315" charwidth="59.0551181102362" />
  <padstyle name="s25" surface="True" plated="False" isvia="False" nopaste="False" nomask="True" complex="False" holesize="0">
    <padshape layer="TOP" shape="square" width="9.8425196850392" height="9.8425196850392" />
    <padshape layer="TOP_SOLDER_MASK" shape="square" width="17.716535433071" height="17.716535433071" />
    <padshape layer="TOP_SOLDER_PASTE" shape="square" width="9.8425196850392" height="9.8425196850392" />
  </padstyle>
  <footprint name="BGS12SN6E6327XTSA1" originx="0" originy="0" pickpointx="0" pickpointy="0">
    <pcbpin number="1" name="1" style="s25" originx="-0.98425196850393" originy="15.748031496063" rotation="90" />
    <pcbpin number="2" name="2" style="s25" originx="-0.98425196850393" originy="0" rotation="90" />
    <pcbpin number="3" name="3" style="s25" originx="-0.98425196850393" originy="-15.748031496063" rotation="90" />
    <pcbpin number="4" name="4" style="s25" originx="14.763779527559" originy="-15.748031496063" rotation="90" />
    <pcbpin number="5" name="5" style="s25" originx="14.763779527559" originy="0" rotation="90" />
    <pcbpin number="6" name="6" style="s25" originx="14.763779527559" originy="15.748031496063" rotation="90" />
    <line layer="TOP_ASSEMBLY" originx="-6.8897637795275" originy="19.685039370078" endx="20.669291338582" endy="19.685039370078" width="7.8740157480314" />
    <line layer="TOP_ASSEMBLY" originx="20.669291338582" originy="19.685039370078" endx="20.669291338582" endy="-19.685039370078" width="7.8740157480314" />
    <line layer="TOP_ASSEMBLY" originx="20.669291338582" originy="-19.685039370078" endx="-6.8897637795275" endy="-19.685039370078" width="7.8740157480314" />
    <line layer="TOP_ASSEMBLY" originx="-6.8897637795275" originy="-19.685039370078" endx="-6.8897637795275" endy="19.685039370078" width="7.8740157480314" />
    <line layer="TOP_PLACE_BOUND" originx="-48.228346456692" originy="48.228346456692" endx="48.228346456692" endy="48.228346456692" width="3.9370078740157" />
    <line layer="TOP_PLACE_BOUND" originx="48.228346456692" originy="48.228346456692" endx="48.228346456692" endy="-48.228346456692" width="3.9370078740157" />
    <line layer="TOP_PLACE_BOUND" originx="48.228346456692" originy="-48.228346456692" endx="-48.228346456692" endy="-48.228346456692" width="3.9370078740157" />
    <line layer="TOP_PLACE_BOUND" originx="-48.228346456692" originy="-48.228346456692" endx="-48.228346456692" endy="48.228346456692" width="3.9370078740157" />
    <line layer="TOP_SILKSCREEN" originx="-16.732283464567" originy="15.748031496063" endx="-16.732283464567" endy="15.748031496063" width="3.9370078740157" />
    <arc layer="TOP_SILKSCREEN" originx="-18.700787401575" originy="15.748031496063" startangle=".0" sweepangle="-180.0" radius="1.9685039370079" width="3.9370078740157" />
    <line layer="TOP_SILKSCREEN" originx="-20.669291338582" originy="15.748031496063" endx="-20.669291338582" endy="15.748031496063" width="3.9370078740157" />
    <arc layer="TOP_SILKSCREEN" originx="-18.700787401575" originy="15.748031496063" startangle="180.0" sweepangle="-180.0" radius="1.9685039370079" width="3.9370078740157" />
  </footprint>
  <symbol name="BGA524N6E6327XTSA1" originx="0" originy="0">
    <line originx="200" originy="100" endx="1000" endy="100" width="0" />
    <line originx="1000" originy="-300" endx="1000" endy="100" width="0" />
    <line originx="1000" originy="-300" endx="200" endy="-300" width="0" />
    <line originx="200" originy="100" endx="200" endy="-300" width="0" />
    <sympin number="1" originx="200" originy="0" rotation="180" length="100" width="7.8740157480315" flipped="False">
      <text name="pinname" originx="230" originy="0" style="Default" rotation="0" justify="left" flipped="False" hidden="False" data="GND_1" />
      <text name="pindes" originx="140" originy="20" style="Default" rotation="0" justify="lowerright" flipped="False" hidden="False" data="1" />
    </sympin>
    <sympin number="2" originx="200" originy="-100" rotation="180" length="100" width="7.8740157480315" flipped="False">
      <text name="pinname" originx="230" originy="-100" style="Default" rotation="0" justify="left" flipped="False" hidden="False" data="VCC" />
      <text name="pindes" originx="140" originy="-80" style="Default" rotation="0" justify="lowerright" flipped="False" hidden="False" data="2" />
    </sympin>
    <sympin number="3" originx="200" originy="-200" rotation="180" length="100" width="7.8740157480315" flipped="False">
      <text name="pinname" originx="230" originy="-200" style="Default" rotation="0" justify="left" flipped="False" hidden="False" data="AO" />
      <text name="pindes" originx="140" originy="-180" style="Default" rotation="0" justify="lowerright" flipped="False" hidden="False" data="3" />
    </sympin>
    <sympin number="4" originx="1000" originy="-200" rotation="0" length="100" width="7.8740157480315" flipped="False">
      <text name="pinname" originx="970" originy="-200" style="Default" rotation="0" justify="right" flipped="False" hidden="False" data="GND_2" />
      <text name="pindes" originx="1060" originy="-180" style="Default" rotation="0" justify="lowerleft" flipped="False" hidden="False" data="4" />
    </sympin>
    <sympin number="5" originx="1000" originy="-100" rotation="0" length="100" width="7.8740157480315" flipped="False">
      <text name="pinname" originx="970" originy="-100" style="Default" rotation="0" justify="right" flipped="False" hidden="False" data="AI" />
      <text name="pindes" originx="1060" originy="-80" style="Default" rotation="0" justify="lowerleft" flipped="False" hidden="False" data="5" />
    </sympin>
    <sympin number="6" originx="1000" originy="0" rotation="0" length="100" width="7.8740157480315" flipped="False">
      <text name="pinname" originx="970" originy="0" style="Default" rotation="0" justify="right" flipped="False" hidden="False" data="PON" />
      <text name="pindes" originx="1060" originy="20" style="Default" rotation="0" justify="lowerleft" flipped="False" hidden="False" data="6" />
    </sympin>
  </symbol>
  <component name="BGA524N6E6327XTSA1" designatorprefix="IC" height="0" footprint="BGS12SN6E6327XTSA1">
    <comppin designator="1" sympin="1" pinswap="0" gateswap="0" gate="1" group="1" side="" type="Any" name="GND_1" />
    <comppin designator="2" sympin="2" pinswap="0" gateswap="0" gate="1" group="1" side="" type="Any" name="VCC" />
    <comppin designator="3" sympin="3" pinswap="0" gateswap="0" gate="1" group="1" side="" type="Any" name="AO" />
    <comppin designator="4" sympin="4" pinswap="0" gateswap="0" gate="1" group="1" side="" type="Any" name="GND_2" />
    <comppin designator="5" sympin="5" pinswap="0" gateswap="0" gate="1" group="1" side="" type="Any" name="AI" />
    <comppin designator="6" sympin="6" pinswap="0" gateswap="0" gate="1" group="1" side="" type="Any" name="PON" />
    <attached_symbol gate="1" name="BGA524N6E6327XTSA1" />
    <pinmap designator="1" footprintpin="1" />
    <pinmap designator="2" footprintpin="2" />
    <pinmap designator="3" footprintpin="3" />
    <pinmap designator="4" footprintpin="4" />
    <pinmap designator="5" footprintpin="5" />
    <pinmap designator="6" footprintpin="6" />
    <text name="Datasheet" originx="0" originy="0" style="Default" rotation="0" justify="" flipped="False" hidden="True" data="https://www.infineon.com/dgdl/Infineon-BGA524N6-DS-v03_00-en.pdf?fileId=db3a304344e406b50144e44dfad302b9" />
    <text name="Description" originx="0" originy="0" style="Default" rotation="0" justify="" flipped="False" hidden="True" data="INFINEON - BGA524N6E6327XTSA1 - LNA, 19.6DB, 1.55GHZ-1.615GHZ, TSNP-6" />
    <text name="Mouser Part Number" originx="0" originy="0" style="Default" rotation="0" justify="" flipped="False" hidden="True" data="726-A524N6E6327XTSA1" />
    <text name="Mouser Price/Stock" originx="0" originy="0" style="Default" rotation="0" justify="" flipped="False" hidden="True" data="https://www.mouser.co.uk/ProductDetail/Infineon-Technologies/BGA524N6E6327XTSA1?qs=dZoB6MK9LKODRML%252BhnhJcg%3D%3D" />
    <text name="Manufacturer_Name" originx="0" originy="0" style="Default" rotation="0" justify="" flipped="False" hidden="True" data="Infineon" />
    <text name="Manufacturer_Part_Number" originx="1050" originy="200" style="Default" rotation="0" justify="left" flipped="False" hidden="False" data="BGA524N6E6327XTSA1" />
  </component>
</quadcept_library>
