<?xml version="1.0" encoding="utf-8"?>
<!--/1095822/229146/2.49/5/0/Integrated Circuit/-->
<quadcept_library>
  <setting unit="mil" />
  <textstyle name="Default" height="47.244094488189" strokewidth="7.8740157480315" charwidth="47.244094488189" />
  <textstyle name="Dimension" height="19.6850393700787" strokewidth="0" charwidth="19.6850393700787" />
  <textstyle name="H127W0635TH00762" height="50" strokewidth="3" charwidth="25" />
  <textstyle name="H15W15TH02" height="59.0551181102362" strokewidth="7.8740157480315" charwidth="59.0551181102362" />
  <padstyle name="r60_20" surface="True" plated="False" isvia="False" nopaste="False" nomask="True" complex="False" holesize="0">
    <padshape layer="TOP" shape="rectangle" width="7.8740157480314" height="23.622047244094" />
    <padshape layer="TOP_SOLDER_MASK" shape="rectangle" width="15.748031496063" height="31.496062992126" />
    <padshape layer="TOP_SOLDER_PASTE" shape="rectangle" width="7.8740157480314" height="23.622047244094" />
  </padstyle>
  <padstyle name="r160_20" surface="True" plated="False" isvia="False" nopaste="False" nomask="True" complex="False" holesize="0">
    <padshape layer="TOP" shape="rectangle" width="7.8740157480314" height="62.992125984251" />
    <padshape layer="TOP_SOLDER_MASK" shape="rectangle" width="15.748031496063" height="70.866141732283" />
    <padshape layer="TOP_SOLDER_PASTE" shape="rectangle" width="7.8740157480314" height="62.992125984251" />
  </padstyle>
  <footprint name="M24128BFMH6TG" originx="0" originy="0" pickpointx="0" pickpointy="0">
    <pcbpin number="1" name="1" style="r60_20" originx="-19.685039370078" originy="15.748031496063" rotation="90" />
    <pcbpin number="2" name="2" style="r160_20" originx="0" originy="0" rotation="90" />
    <pcbpin number="3" name="3" style="r60_20" originx="-19.685039370078" originy="-15.748031496063" rotation="90" />
    <pcbpin number="4" name="4" style="r60_20" originx="19.685039370078" originy="-15.748031496063" rotation="90" />
    <pcbpin number="5" name="5" style="r60_20" originx="19.685039370078" originy="15.748031496063" rotation="90" />
    <line layer="TOP_ASSEMBLY" originx="-33.464566929133" originy="27.55905511811" endx="33.464566929133" endy="27.55905511811" width="7.8740157480314" />
    <line layer="TOP_ASSEMBLY" originx="33.464566929133" originy="27.55905511811" endx="33.464566929133" endy="-27.55905511811" width="7.8740157480314" />
    <line layer="TOP_ASSEMBLY" originx="33.464566929133" originy="-27.55905511811" endx="-33.464566929133" endy="-27.55905511811" width="7.8740157480314" />
    <line layer="TOP_ASSEMBLY" originx="-33.464566929133" originy="-27.55905511811" endx="-33.464566929133" endy="27.55905511811" width="7.8740157480314" />
    <line layer="TOP_PLACE_BOUND" originx="-90.551181102361" originy="66.929133858267" endx="72.83464566929" endy="66.929133858267" width="3.9370078740157" />
    <line layer="TOP_PLACE_BOUND" originx="72.83464566929" originy="66.929133858267" endx="72.83464566929" endy="-66.929133858267" width="3.9370078740157" />
    <line layer="TOP_PLACE_BOUND" originx="72.83464566929" originy="-66.929133858267" endx="-90.551181102361" endy="-66.929133858267" width="3.9370078740157" />
    <line layer="TOP_PLACE_BOUND" originx="-90.551181102361" originy="-66.929133858267" endx="-90.551181102361" endy="66.929133858267" width="3.9370078740157" />
    <line layer="TOP_SILKSCREEN" originx="-62.992125984251" originy="15.748031496063" endx="-62.992125984251" endy="15.748031496063" width="7.8740157480314" />
    <arc layer="TOP_SILKSCREEN" originx="-59.055118110235" originy="15.748031496063" startangle="180.0" sweepangle="180.0" radius="3.9370078740157" width="7.8740157480314" />
    <line layer="TOP_SILKSCREEN" originx="-55.11811023622" originy="15.748031496063" endx="-55.11811023622" endy="15.748031496063" width="7.8740157480314" />
    <arc layer="TOP_SILKSCREEN" originx="-59.055118110235" originy="15.748031496063" startangle=".0" sweepangle="180.0" radius="3.9370078740157" width="7.8740157480314" />
  </footprint>
  <symbol name="M24128-BFMH6TG" originx="0" originy="0">
    <line originx="200" originy="100" endx="800" endy="100" width="0" />
    <line originx="800" originy="-300" endx="800" endy="100" width="0" />
    <line originx="800" originy="-300" endx="200" endy="-300" width="0" />
    <line originx="200" originy="100" endx="200" endy="-300" width="0" />
    <sympin number="1" originx="200" originy="0" rotation="180" length="100" width="7.8740157480315" flipped="False">
      <text name="pinname" originx="230" originy="0" style="Default" rotation="0" justify="left" flipped="False" hidden="False" data="VCC" />
      <text name="pindes" originx="140" originy="20" style="Default" rotation="0" justify="lowerright" flipped="False" hidden="False" data="1" />
    </sympin>
    <sympin number="2" originx="200" originy="-100" rotation="180" length="100" width="7.8740157480315" flipped="False">
      <text name="pinname" originx="230" originy="-100" style="Default" rotation="0" justify="left" flipped="False" hidden="False" data="VSS" />
      <text name="pindes" originx="140" originy="-80" style="Default" rotation="0" justify="lowerright" flipped="False" hidden="False" data="2" />
    </sympin>
    <sympin number="3" originx="200" originy="-200" rotation="180" length="100" width="7.8740157480315" flipped="False">
      <text name="pinname" originx="230" originy="-200" style="Default" rotation="0" justify="left" flipped="False" hidden="False" data="SDA" />
      <text name="pindes" originx="140" originy="-180" style="Default" rotation="0" justify="lowerright" flipped="False" hidden="False" data="3" />
    </sympin>
    <sympin number="4" originx="800" originy="0" rotation="0" length="100" width="7.8740157480315" flipped="False">
      <text name="pinname" originx="770" originy="0" style="Default" rotation="0" justify="right" flipped="False" hidden="False" data="SCL" />
      <text name="pindes" originx="860" originy="20" style="Default" rotation="0" justify="lowerleft" flipped="False" hidden="False" data="4" />
    </sympin>
    <sympin number="5" originx="800" originy="-100" rotation="0" length="100" width="7.8740157480315" flipped="False">
      <text name="pinname" originx="770" originy="-100" style="Default" rotation="0" justify="right" flipped="False" hidden="False" data="\WC" />
      <text name="pindes" originx="860" originy="-80" style="Default" rotation="0" justify="lowerleft" flipped="False" hidden="False" data="5" />
    </sympin>
  </symbol>
  <component name="M24128-BFMH6TG" designatorprefix="IC" height="23.622047244094" footprint="M24128BFMH6TG">
    <comppin designator="1" sympin="1" pinswap="0" gateswap="0" gate="1" group="1" side="" type="Any" name="VCC" />
    <comppin designator="2" sympin="2" pinswap="0" gateswap="0" gate="1" group="1" side="" type="Any" name="VSS" />
    <comppin designator="3" sympin="3" pinswap="0" gateswap="0" gate="1" group="1" side="" type="Any" name="SDA" />
    <comppin designator="4" sympin="4" pinswap="0" gateswap="0" gate="1" group="1" side="" type="Any" name="SCL" />
    <comppin designator="5" sympin="5" pinswap="0" gateswap="0" gate="1" group="1" side="" type="Any" name="|WC" />
    <attached_symbol gate="1" name="M24128-BFMH6TG" />
    <pinmap designator="1" footprintpin="1" />
    <pinmap designator="2" footprintpin="2" />
    <pinmap designator="3" footprintpin="3" />
    <pinmap designator="4" footprintpin="4" />
    <pinmap designator="5" footprintpin="5" />
    <text name="Datasheet" originx="0" originy="0" style="Default" rotation="0" justify="" flipped="False" hidden="True" data="http://www.st.com/content/ccc/resource/technical/document/datasheet/59/05/c9/5b/7b/41/48/b6/CD00259167.pdf/files/CD00259167.pdf/jcr:content/translations/en.CD00259167.pdf" />
    <text name="Description" originx="0" originy="0" style="Default" rotation="0" justify="" flipped="False" hidden="True" data="STMICROELECTRONICS - M24128-BFMH6TG - EEPROM, 128 Kbit, 16K x 8bit, Serial I2C (2-Wire), 1 MHz, UFDFPN, 5 Pins" />
    <text name="Mouser Part Number" originx="0" originy="0" style="Default" rotation="0" justify="" flipped="False" hidden="True" data="511-M24128-BFMH6TG" />
    <text name="Mouser Price/Stock" originx="0" originy="0" style="Default" rotation="0" justify="" flipped="False" hidden="True" data="https://www.mouser.co.uk/ProductDetail/STMicroelectronics/M24128-BFMH6TG?qs=lGsJEpdjMw0B2vowlJSYsg%3D%3D" />
    <text name="Manufacturer_Name" originx="0" originy="0" style="Default" rotation="0" justify="" flipped="False" hidden="True" data="STMicroelectronics" />
    <text name="Manufacturer_Part_Number" originx="850" originy="200" style="Default" rotation="0" justify="left" flipped="False" hidden="False" data="M24128-BFMH6TG" />
  </component>
</quadcept_library>
